breath_peaks_x,breath_peaks_ms,breath_peaks_y
57,0.0285,0.66802978515625
574,0.28700000000000003,0.70709228515625
